Jahr,Total,Kohlendioxid,Lachgas,Methan,Fluorkohlen-wasserstoffe,Perfluorierte Kohlenwasserstoffe,Schwefel-hexafluorid,Total Abfälle,Total Siedlungsabfälle,Verbrannt Kehricht,Separat Wertstoffe,verwertet Kompostierbare Grünabfuhr,Abfälle Grüngut,Sonderabfälle Haushalte,Industrieabfälle,Metzgerei abfälle,Innerstoffe und Aushubmaterial,"Sonderabfälle Gewerbe, Industrie",Klärschlamm,Anteil der Stadtbevölkerung,,"Internationaler Tourismus, Anzahl der Ankünfte",Frauenbeschäftigung,Direktexporte Sekundärrohstoffe und Abfälle
1990,235.944475332716,205.608822653162,11.2171093553717,19.1184388558025,0.00010446837893,,,,,,,,,,,,,,,16.92799949646,28790,,,
1991,227.384599368765,196.903929999367,11.413165079448,19.0575051391455,0.00988358462015,0.00011556618428,,,,,,,,,,,,,,16.8209991455078,29166,,,
1992,238.692326893247,208.648553345048,11.3320524584706,18.623094234254,0.08826940783708,0.00035744763733,,,,,,,,,,,,,,16.7360000610352,29552,,,
1993,242.497678483322,213.389551524211,11.0846918596109,17.8217888467335,0.20085558464699,0.00079066811975,,,,,,,,,,,,,,16.6509990692139,29987,,,
1994,248.582906986342,219.108573747268,11.030628634194,17.9283457509575,0.51386465614569,0.0014941977769,,,,,,,,,,,,,,16.5659999847412,30415,,,
1995,238.71755090857,208.510614934095,10.9299690323337,17.9051824941578,1.36976767008685,0.00201677789606,, 316 820, 24 414, 6 728, 12 303, 1 634, 3 734,  15, 1 714,  52, 281 538, 8 254,  847,16.4820003509521,30884,59000,,
1996,232.641828448894,201.789517690864,10.8712187658999,18.2455438672458,1.73337013868764,0.00217798619723,,386 013,24 940, 6 804,11 907, 1 528, 4 686,  14, 1 514,  57, 353 292, 5 148, 1 062,16.2900009155273,31354,56000,,
1997,256.839423816501,225.806223247776,10.9045782477152,17.985435251397,2.14102257447704,0.00216449513621,,396 647,25 545, 7 018,12 632, 1 566, 4 316,  14, 1 628,  75, 363 636, 4 666, 1 096,15.9940004348755,31830,57000,,
1998,259.915356373793,228.756546443461,10.5885701651427,17.827646579956,2.7384370644666,0.00415612076667,,358 660,26 336, 7 272,13 353, 1 527, 4 167,  18, 1 343,  84, 322 339, 7 491, 1 067,15.7019996643066,32306,59000,,
1999,255.768509555967,224.912562743699,10.3498327936867,17.1459340004897,3.34839681469098,0.00722320340049,0.00456,395 902,32 271, 7 654,18 566, 1 573, 4 460,  18, 1 759,  99, 354 481, 6 199, 1 092,15.4139995574951,32765,60000,,
2000,272.504143976389,241.326587508501,10.2310221306569,16.7365222995755,4.11068778434166,0.01200025331417,0.087324,482 431,36 446, 7 788,21 897, 1 533, 5 210,  18, 1 643,  99, 434 756, 8 265, 1 222,15.1300001144409,33184,61600,50.5800018310547,
2001,248.532786071837,215.555608076651,10.2809480613178,17.5703782352195,4.94491379421937,0.01563790442982,0.1653,474 050,35 311, 8 003,21 436, 1 607, 4 247,  18, 2 497,  162, 426 587, 8 468, 1 025,14.9619998931885,33543,56500,50.310001373291,
2002,255.723185173736,221.80880626848,10.4244963124315,17.7447892449403,5.48226677138867,0.0193225764952,0.243504,480 453,36 083, 7 905,20 999, 1 655, 5 501,  23, 2 840,  163, 428 952, 11 366, 1 050,14.9060001373291,33885,48700,49.4199981689453,
2003,270.061913444912,235.217288479038,10.4485057775815,17.8956277976725,6.21346756749955,0.03895982312046,0.248064,470 864,36 798, 8 011,21 729, 1 529, 5 508,  21, 2 573,  161, 420 137, 10 087, 1 109,14.8500003814697,34172,49000,49.5,
2004,272.926777894907,237.447356806709,10.1410390344473,17.9630645497203,7.06363386000227,0.04879964402752,0.262884,457 519,36 213, 8 125,21 096, 1 628, 5 345,  19, 2 583,  163, 408 928, 8 525, 1 107,14.7950000762939,34444,48500,49.4500007629395,
2005,273.463101355692,237.060865221025,10.2800349971909,18.4230959869575,7.37834097232704,0.06563217819182,0.255132,520 407,40 062, 8 038,23 807, 1 583, 6 614,  20, 2 216,  150, 467 055, 9 425, 1 499,14.7390003204346,34718,49800,49.3499984741211,
2006,281.671530149301,244.072003853987,10.4814886504863,19.152531290797,7.83221839247537,0.07697196155487,0.056316,400 325,38 910, 8 267,23 616, 1 567, 5 442,  18, 2 091,  103, 344 263, 13 734, 1 224,14.6840000152588,34975,54900,49.8199996948242,
2007,261.653893546428,223.015403619062,10.564540545624,19.380772494297,8.49610758301638,0.08306930442794,0.114,524 510,39 907, 8 338,24 005, 1 564, 5 981,  19, 2 183,  117, 431 409, 49 582, 1 313,14.628999710083,35217,72800,50.9000015258789,21
2008,283.80273372569,243.896312151726,10.7498186175214,19.5941116721905,9.13343677892693,0.08249450532455,0.34656,607 329,37 946, 8 460,21 076, 1 534, 6 859,  16, 2 071,  131, 555 036,10 900, 1 245,14.5740003585815,35469,72900,51.3400001525879,27
2009,266.100281401123,226.689728808321,10.6455692695737,19.4202545846803,9.13556598850467,0.0732747500441,0.135888,459 395,35 448, 8 560,20 031, 1 580, 5 258,  18, 2 025,  133, 409 064,11 362, 1 362,14.5190000534058,35723,66500,50.8899993896484,10
2010,249.716536004735,210.648644623237,10.4139601260527,18.849723535501,9.71202118403452,0.06870253590999,0.023484,466 310,32 799, 8 662,17 449,1 518, 5 154,  17,2 097, 136, 398 676, 31 433, 1 169,14.46399974823,35996,64300.00390625,50.7700004577637,26
2011,240.41177083867,200.408382736699,10.8036450824837,19.1494947378513,9.9761482096543,0.060648071982,0.013452,656 001,35 896, 8 728,19 618, 1 559, 5 975,  16, 2 098,  133, 595 498,21 218, 1 158,14.4099998474121,36299,67000,52.9300003051758,34
2012,249.852193215293,209.195497573082,10.6819871392907,19.5341756703057,10.3849408594816,0.05513597313332,0.000456,585 204,35 137, 8 776,18 051, 1 863, 6 426,  21, 2 229,  139, 529 165, 17 413, 1 121,14.3669996261597,36615,62400,52.3899993896484,55
2013,248.748460064451,208.733528104826,10.3983499122006,18.7346593566618,10.6471033307759,0.06017135998738,0.174648,442 979,33 281, 8 668,16 604, 1 537, 6 455,  18, 2 102,  141, 388 674, 17 598, 1 182,14.3339996337891,36940,59600,51.9000015258789,71
2014,217.006148388923,177.192605636018,10.2987096476742,18.7003255335488,10.6566773114019,0.04177826027983,0.116052,562 748,31 362, 8 584,15 249, 1 471, 6 041,  17, 1 798,  139, 513 523,14 625, 1 301,14.3129997253418,37219,61300,51.7799987792969,77
2015,208.8502660185,169.568555067419,10.3473887319387,18.41323430091,10.4456046104447,0.03809130778712,0.037392, 594 313, 32 382, 8 504, 17 143, 1 386, 5 337,  12, 1 539,  140, 548 290, 10 811, 1 152,14.3030004501343,37465,56700,52.0800018310547,67
2016,196.891153863671,157.669512633566,10.1972363855739,18.4270665578803,10.556574776065,0.02639951058552,0.014364,461 204,32 670, 8 268,17 339, 1 492, 5 550,  20, 1 531,  136, 414 146, 11 602, 1 119,14.3030004501343,37655,69100,51.9000015258789,51
2017,204.169111626934,165.268573299401,10.1444589574926,18.0030402154355,10.691048985675,0.01684616892995,0.045144, 490 414, 33 575, 8 318, 17 471, 2 212, 5 556,  18, 1 108,  148, 442 262, 12 123, 1 199,14.3149995803833,37805,79300,52.0999984741211,40
2018,,,,,,,,,,,,,,,,,,,,14.3380002975464,37918,85300,,38
2019,,,,,,,,,,,,,,,,,,,,14.371000289917,38020,98100,,29
2020,,,,,,,,,,,,,,,,,,,,14.4160003662109,38137,58400,,
2021,,,,,,,,,,,,,,,,,,,,,38254,,,
